ga:date,bounceRate,sessions,pageviews,avgTimeOnPage,avgSessionDuration,avgPageLoadTime
20210110,24.477861319966582,1197,2705,55.226851851851855,69.79197994987469,7.562636363636364
20210111,49.094781682641106,1878,2320,229.361797752809,54.346645367412144,3.9535384615384612
20210121,47.53117206982543,2005,2262,406.8255813953488,52.35411471321696,4.2122413793103455
20210210,51.9277108433735,1660,1848,411.5625,47.59759036144578,5.690833333333333
20210118,26.288659793814436,1552,1842,364.89003436426117,68.41559278350516,4.492411764705882
20210125,24.717607973421927,1505,1807,348.1623376623377,72.4,3.7066666666666666
20210119,23.235092529129542,1459,1723,405.50187265917606,74.40301576422208,4.270130434782609
20210120,23.728813559322035,1416,1719,342.08852459016396,73.6885593220339,4.518642857142857
20201214,90.4373610081542,1349,1683,187.76047904191617,46.49814677538918,5.8451129032258065
20201212,90.625,1408,1651,219.01234567901236,37.79971590909091,5.249206896551724
20210124,25.249424405218722,1303,1640,295.834808259587,76.96776669224866,4.596857142857143
20210114,22.547468354430382,1264,1620,307.1764705882353,88.46835443037975,4.850333333333333
20210411,57.694962042788134,1449,1609,304.7826086956522,33.87301587301587,5.751642857142857
20210511,55.738831615120276,1455,1601,351.3422818791946,35.978006872852234,6.40325
20210312,55.65455791638109,1459,1592,448.8175182481752,42.139821795750514,4.015454545454546
20210126,25.7411424439624,1383,1589,374.09004739336496,58.317425885755604,4.764111111111111
20201207,89.65517241379311,1305,1572,198.26394052044608,40.89195402298851,5.579291666666667
20210127,25.158227848101266,1264,1559,281.58249158249157,66.16613924050633,4.833454545454545
20201204,87.57961783439491,1256,1558,253.37417218543047,60.93232484076433,5.5925714285714285
20201206,86.61679135494596,1203,1553,190.39265536723164,56.07647547797174,6.2862238805970145
20210112,22.521137586471944,1301,1539,394.5726141078838,73.08455034588778,3.5103571428571425
20201208,88.5193982581156,1263,1529,254.85767790262173,55.44418052256532,6.1021133333333335
20210113,26.319875776397517,1288,1515,335.50655021834064,59.64518633540373,4.400399999999999
20201201,89.67100229533283,1307,1509,285.3168316831683,44.1017597551645,4.978973856209151
20210419,23.422053231939163,1315,1504,416.22513089005236,60.44790874524715,8.161111111111111
20210610,50.921149594694185,1357,1501,458.5374149659864,49.6683861459101,4.702100000000001
20201209,88.97058823529412,1224,1490,250.48314606741573,54.64705882352941,8.810790209790209
20201213,91.2308930008045,1243,1481,179.63598326359832,34.544650040225264,6.229324503311258
20210116,27.787021630615637,1202,1480,298.6085409252669,69.85274542429285,3.936315789473684
20210117,24.143556280587276,1226,1480,362.046875,75.61582381729201,6.268588235294118
20200909,88.77654196157735,989,1459,157.91702127659573,75.04044489383216,5.568691056910569
20201220,47.65886287625418,1196,1459,342.7148288973384,75.35451505016722,5.259337748344371
20210128,25.061025223759152,1229,1451,411.0493273542601,74.58096013018715,4.493133333333334
20210201,21.85089974293059,1167,1450,312.62105263157895,76.34447300771208,5.495
20210105,22.193658954584407,1167,1444,300.83812949640287,71.67352185089975,5.6990483870967745
20210203,24.36332767402377,1178,1442,376.0,84.25806451612904,4.689809523809524
20210422,25.800711743772244,1124,1430,356.90849673202615,97.15925266903915,8.9425
20201203,91.35906040268456,1192,1424,209.38362068965517,40.75335570469799,6.598487603305785
20210324,22.61904761904762,1176,1418,394.1174089068826,83.11309523809524,8.787600000000001
20201215,87.87878787878788,1122,1417,180.8271186440678,47.571301247771835,5.97395652173913
20201202,89.79933110367892,1196,1413,244.69124423963135,44.39464882943144,4.949709677419355
20201216,87.20626631853786,1149,1405,266.408560311284,59.592689295039165,5.357732026143791
20201124,89.2050209205021,1195,1404,303.0094786729858,53.73556485355648,4.9905
20210202,22.652885443583116,1161,1403,366.1918367346939,77.27131782945736,4.741428571428572
20201210,87.53269398430689,1147,1394,248.65060240963857,53.975588491717524,5.69354716981132
20210415,25.64814814814815,1080,1384,300.1546052631579,84.48796296296297,9.230777777777778
20201126,89.88391376451078,1206,1376,332.280701754386,47.12189054726368,6.644942148760331
20210317,24.864376130198913,1106,1376,290.64338235294116,71.72784810126582,7.630375
20201228,24.067495559502664,1126,1372,312.3927125506073,68.5284191829485,4.819784615384616
20201219,88.88888888888889,1134,1371,214.76793248945148,44.89329805996473,5.211688741721854
20210406,23.450134770889488,1113,1371,340.04597701149424,79.72506738544475,7.314909090909091
20210316,26.557093425605537,1156,1363,401.60869565217394,71.91003460207612,6.955809523809524
20201223,23.083700440528634,1135,1361,406.89130434782606,82.68898678414097,4.998099236641221
20210209,22.966934763181413,1119,1361,352.1818181818182,76.16621983914209,8.242818181818182
20210107,25.365434221840065,1163,1359,384.18367346938777,64.74806534823732,7.464054421768707
20210325,24.558303886925795,1132,1358,295.0353982300885,58.899293286219084,9.133636363636365
20210104,21.79930795847751,1156,1357,397.9852941176471,71.44204152249135,5.775522727272727
20210106,22.01914708442124,1149,1357,342.0377358490566,63.33072236727589,6.111109589041096
20210122,23.958333333333336,1152,1357,383.69711538461536,69.27256944444444,4.754307692307693
20201205,87.68518518518519,1080,1356,197.53956834532374,50.858333333333334,6.427633027522936
20210507,24.225865209471767,1098,1353,285.0350194552529,66.72677595628416,8.450545454545454
20210412,28.401360544217685,1176,1350,464.4,69.11054421768708,6.1795
20201217,89.04593639575971,1132,1345,269.14084507042253,50.6386925795053,5.138556390977444
20210204,23.544743701129452,1151,1344,408.32307692307694,69.16768027801912,3.9911999999999996
20201130,87.29281767955801,1086,1330,271.83673469387753,61.32965009208103,5.157872727272728
20201111,89.65141612200436,918,1322,99.55308641975309,44.6437908496732,7.082170212765957
20210218,24.28174235403151,1079,1313,333.97872340425533,72.74050046339202,6.574
20210115,28.055077452667813,1162,1308,483.35135135135135,61.55851979345955,3.2531428571428576
20210123,25.500910746812387,1098,1308,383.74285714285713,73.39253187613843,5.013285714285715
20210503,23.662737987307345,1103,1304,389.0495049504951,71.24932003626473,5.4873
20201230,22.46520874751491,1006,1299,231.18088737201364,67.32902584493041,6.281171428571429
20201225,22.05736894164194,1011,1297,324.42906574394465,92.73590504451039,5.089872000000001
20201211,89.75297346752058,1093,1296,229.17733990147784,42.56450137236963,5.703575
20210216,23.099133782483154,1039,1289,280.808,67.55822906641001,3.382214285714286
20200907,88.0648899188876,863,1283,129.08333333333334,62.82271147161066,4.034059322033898
20210302,20.318352059925093,1068,1282,350.73853211009174,71.72940074906367,4.416736842105263
20210408,25.570776255707763,1095,1282,359.5935828877005,61.409132420091325,6.849166666666667
20201123,89.5111111111111,1125,1281,265.6496815286624,37.083555555555556,5.4079375
20210421,25.358851674641148,1045,1279,335.7299578059072,76.63732057416269,5.945666666666667
20201229,21.421975992613113,1083,1276,398.3692307692308,71.72760849492151,5.393058252427184
20201227,23.458038422649143,989,1269,318.779359430605,91.06167846309404,4.524878260869565
20210315,27.783063748810655,1051,1269,346.95,72.61941008563274,5.887142857142857
20201125,89.7126969416126,1079,1263,205.67391304347825,35.14272474513438,5.716707547169812
20210222,24.024024024024023,999,1260,309.67816091954023,80.89889889889889,6.901181818181818
20210323,23.551057957681692,1087,1254,464.98214285714283,71.86108555657773,14.7625
20210426,27.467411545623836,1074,1253,452.23204419889504,76.21601489757914,6.272444444444444
20210506,25.404376784015227,1051,1253,291.1170731707317,56.77545195052331,6.868347826086957
20210208,24.118207816968543,1049,1252,396.54146341463417,77.49857006673022,4.654857142857143
20210224,25.55762081784387,1076,1251,382.3519553072626,63.92657992565056,4.239125
20201127,88.76953125,1024,1250,209.359649122807,46.625,4.865108695652174
20210212,22.65084075173096,1011,1250,369.07883817427387,88.0544015825915,7.626875
20201224,21.79863147605083,1023,1248,376.56444444444446,82.81915933528836,7.128616161616161
20210409,25.547445255474454,959,1248,226.94501718213058,68.86027111574556,9.119566666666667
20210225,23.18271119842829,1018,1238,307.93243243243245,67.15520628683693,4.718666666666667
20210329,25.048732943469787,1026,1232,296.04368932038835,59.43372319688109,7.312214285714285
20201005,89.39226519337016,905,1226,162.42990654205607,58.135911602209944,5.1047982456140355
20210211,23.769730733519033,1077,1226,418.1307189542484,59.48282265552461,6.1132
20210331,26.35009310986965,1074,1226,424.9240506329114,62.512104283054,5.8425
20210330,25.761772853185594,1083,1225,394.5810810810811,53.99722991689751,7.498399999999999
20210102,24.049331963001027,973,1220,261.7903225806452,66.7245632065776,4.542262626262627
20210505,27.408793264733394,1069,1220,430.66013071895424,61.6333021515435,4.897
20210420,24.34017595307918,1023,1217,293.497461928934,56.511241446725315,6.0885
20200908,88.1336405529954,868,1214,153.58092485549133,61.225806451612904,11.865824324324326
20210303,22.88218111002921,1027,1214,358.4920634920635,65.98636806231742,9.25057142857143
20201102,87.87541713014461,899,1211,164.79872204472844,57.54505005561735,4.70106015037594
20210129,23.115079365079367,1008,1211,314.8226600985222,63.40277777777778,4.4945
20210428,26.13412228796844,1014,1209,284.7309644670051,55.31065088757396,5.298705882352942
20210217,25.436893203883493,1030,1202,391.7314285714286,66.56504854368931,4.344882352941177
20210309,22.82608695652174,1012,1202,392.9947643979058,74.16699604743083,7.367666666666667
20210531,25.759059745347702,1021,1202,353.75409836065575,63.76003917727718,7.022875
20201116,88.62034239677745,993,1201,179.28846153846155,37.55387713997986,5.713683673469388
20210414,25.667351129363446,974,1201,313.6696035242291,73.10061601642711,7.783769230769231
20210103,24.34077079107505,986,1193,312.60663507109007,67.2789046653144,5.9263979591836735
20210413,24.057971014492754,1035,1193,375.0993788819876,58.34685990338164,7.507285714285715
20210504,23.099415204678362,1026,1193,403.2426035502959,66.42105263157895,6.931466666666666
20210417,29.797979797979796,990,1192,351.76732673267327,71.77070707070708,5.376814814814815
20210109,23.82934443288241,961,1191,332.01293103448273,80.15504682622269,5.133202127659574
20210326,26.706827309236946,996,1189,292.7357512953368,56.73192771084337,6.651363636363636
20210416,28.230184581976115,921,1188,253.16296296296295,74.22366992399566,6.819
20210319,24.353448275862068,928,1187,266.51153846153846,74.71767241379311,5.627857142857144
20201222,23.596673596673597,962,1185,332.04273504273505,82.98128898128898,3.8368070175438596
20210130,24.869383490073147,957,1180,339.56502242152465,80.33124346917451,6.325153846153846
20201008,88.22292323869611,951,1178,242.75,58.70031545741325,5.304158273381295
20210304,24.392712550607285,988,1178,338.7434554973822,65.47773279352226,4.75975
20201117,89.88648090815273,969,1177,175.7772511848341,38.45923632610939,5.606056179775281
20210108,24.10358565737052,1004,1172,382.79881656804736,64.4292828685259,4.8269911504424785
20210311,24.287118977384463,1017,1165,443.17218543046357,65.81710914454277,6.686578947368421
20210418,26.956521739130434,1035,1165,371.9,47.65024154589372,6.115705882352941
20201112,88.06282722513089,955,1163,229.17307692307693,49.9151832460733,5.602121212121212
20201226,26.512651265126514,909,1163,290.6549019607843,81.53465346534654,4.749272727272727
20210429,25.696594427244584,969,1163,360.98974358974357,72.63880288957688,5.64742105263158
20210131,23.98286937901499,934,1161,373.7086956521739,92.02569593147751,5.891333333333333
20201027,87.83625730994153,855,1160,167.48366013071896,61.04795321637427,5.615296296296297
20210322,23.154701718907987,989,1157,452.2261904761905,76.81193124368049,7.3382
20210427,23.860021208907742,943,1153,344.2429906542056,78.91622481442205,6.2620555555555555
20210318,25.099206349206348,1008,1146,430.15,59.85615079365079,6.1185
20210407,25.697211155378486,1004,1146,416.006993006993,60.75,10.92725
20200904,87.58865248226951,846,1144,161.05369127516778,56.730496453900706,7.699780487804878
20210410,26.826608505997818,917,1142,306.87111111111113,75.29552889858233,9.195642857142857
20200922,89.14285714285714,875,1140,162.21428571428572,49.694857142857146,7.1547052631578945
20210405,24.72582253240279,1003,1140,425.43065693430657,58.10967098703888,12.59375
20210215,21.836734693877553,980,1137,471.53164556962025,76.04897959183674,5.183
20210310,25.154004106776178,974,1137,492.6242424242424,83.45379876796714,2.9038888888888885
20210401,25.618945102260493,929,1136,267.7142857142857,61.05920344456405,7.906333333333333
20210430,27.540650406504064,984,1135,394.31168831168833,61.70020325203252,6.606125
20210615,27.125506072874494,988,1133,426.84353741496597,63.506072874493924,3.8696666666666664
20201218,90.17400204708291,977,1131,266.44805194805195,42.0,6.109117117117117
20210301,23.86961093585699,951,1130,385.31491712707185,73.35331230283911,5.851363636363636
20200902,86.10038610038609,777,1128,173.07977207977208,78.1981981981982,6.881626865671642
20210223,24.29614181438999,959,1119,412.1111111111111,69.9082377476538,3.3414545454545457
20210601,25.21276595744681,940,1119,341.56906077348066,66.28936170212766,8.249375
20210425,28.224101479915433,946,1112,395.1377245508982,69.7568710359408,6.595923076923077
20201009,89.10776361529548,863,1110,171.28744939271255,49.03360370799537,5.605271739130435
20210706,22.594594594594593,925,1108,336.26881720430106,67.93405405405406,6.247307692307692
20210526,24.12280701754386,912,1107,311.675,68.34758771929825,4.457666666666667
20210607,26.990692864529475,967,1107,407.78169014084506,59.91209927611168,5.713375
20201012,82.56772673733805,849,1105,187.9182879377432,57.11660777385159,5.695787500000001
20210308,24.17695473251029,972,1105,457.3897058823529,63.98559670781893,5.3170714285714284
20210510,26.439232409381663,938,1098,391.425,66.76972281449893,8.6144
20210729,22.094691535150645,697,1095,196.88721804511277,112.6857962697274,7.924714285714285
20201118,90.39665970772442,958,1091,266.4135338345865,36.99164926931106,4.922918181818181
20210305,25.25366403607666,887,1087,308.970297029703,70.9391206313416,3.547722222222222
20201103,87.1824480369515,866,1086,217.21363636363637,56.02655889145497,4.402558823529412
20210226,25.573770491803277,915,1086,340.0,65.0207650273224,4.275909090909091
20201128,87.17647058823529,850,1084,144.20425531914893,39.86588235294118,5.263920454545455
20201119,90.0871459694989,918,1075,219.7388535031847,37.57952069716776,7.177398058252427
20201006,90.15486725663717,904,1074,254.92352941176472,48.27654867256637,5.7949705882352935
20201007,89.85507246376811,897,1073,220.17613636363637,43.63656633221851,4.255927536231884
20210602,25.154004106776178,974,1073,499.53465346534654,51.79876796714579,4.73725
20210518,25.646794150731157,889,1072,379.5409836065574,78.13610798650168,5.364857142857143
20200911,87.109375,768,1071,164.88778877887788,65.06119791666667,4.929144329896907
20210207,23.946784922394677,902,1071,367.3757225433526,70.45565410199556,6.114058823529412
20210616,22.983425414364643,905,1071,444.688622754491,82.05745856353592,7.1881818181818184
20210219,24.588477366255145,972,1070,526.92,54.19855967078189,7.36775
20210424,24.031890660592257,878,1058,377.77348066298345,77.87927107061503,4.957916666666667
20210525,29.366812227074234,916,1058,346.6458333333333,56.11135371179039,4.523153846153845
20201109,88.8382687927107,878,1057,219.7094972067039,44.79043280182233,5.574706422018348
20210614,26.19311875693674,901,1055,337.5705128205128,58.639289678135405,13.6015
20210228,23.014018691588785,856,1053,351.60696517412936,83.41121495327103,4.3685
20210205,26.46420824295011,922,1051,404.969696969697,57.97288503253796,6.93725
20201120,90.02217294900223,902,1046,301.7708333333333,48.20066518847007,5.19985294117647
20200819,88.41743119266054,872,1043,328.0701754385965,64.33830275229357,7.194150793650794
20201026,87.4439461883408,892,1040,250.5,41.57286995515695,5.307397959183673
20210621,24.225028702640643,871,1035,432.40361445783134,82.40987370838117,5.412538461538462
20200914,91.25874125874127,858,1032,203.82183908045977,41.32634032634033,4.706463414634146
20201110,88.90122086570477,901,1027,276.42063492063494,38.659267480577135,5.194231707317074
20200820,90.52987598647125,887,1025,290.2826086956522,45.161217587373166,8.911
20200826,88.86198547215496,826,1025,229.0251256281407,55.176755447941886,8.380577777777779
20200929,87.90523690773068,802,1022,259.2690582959641,74.3067331670823,6.797802197802198
20210618,28.121212121212118,825,1020,327.7897435897436,77.46181818181819,3.9258
20201113,88.55491329479769,865,1018,265.62987012987014,47.28554913294798,5.130322033898304
20210520,23.57630979498861,878,1017,351.6,56.05353075170843,9.74475
20200930,90.5940594059406,808,1016,192.0721153846154,54.21534653465346,8.242089108910891
20201105,88.38862559241706,844,1013,223.1705882352941,44.95260663507109,4.945837837837837
20201221,25.125628140703515,597,1013,100.83413461538461,70.24455611390285,5.162293333333333
20210314,26.86375321336761,778,1011,274.0128205128205,82.40874035989717,11.443769230769231
20200928,88.98203592814372,835,1010,221.8181818181818,49.723353293413176,6.935392523364486
20210624,25.534308211473565,889,1010,462.2809917355372,62.91676040494938,6.138615384615385
20210603,27.036199095022624,884,1004,412.94262295081967,56.98529411764706,9.839272727272729
20210608,24.739884393063583,865,1000,451.68382352941177,71.0150289017341,27.47277777777778
20200910,88.29516539440203,786,997,240.53080568720378,64.57251908396947,4.452127659574469
20201106,88.43788437884379,813,996,186.7377049180328,42.04551045510455,5.622
20201001,87.71712158808933,806,994,228.20744680851064,53.75682382133995,4.73782
20210321,21.611253196930946,782,994,277.1121495327103,75.88746803069054,14.7506
20210521,26.494724501758498,853,993,440.65,72.47713950762017,5.333142857142857
20210307,22.691292875989447,758,989,254.94017094017093,78.68997361477572,5.035714285714286
20200814,89.77832512315271,812,987,205.03428571428572,44.1871921182266,10.024824324324324
20210623,25.58411214953271,856,986,407.3636363636364,62.8107476635514,13.010444444444445
20200818,89.6969696969697,825,985,221.70625,43.00121212121212,14.45191011235955
20210220,25.438596491228072,798,984,305.58730158730157,72.37593984962406,3.3116666666666665
20210527,27.357392316647267,859,983,369.81102362204723,54.67520372526193,8.159833333333333
20201129,88.27085852478838,827,982,223.25806451612902,41.84280532043531,4.756482758620689
20210214,21.794871794871796,780,982,291.1067961165049,76.91666666666667,3.6024000000000003
20201104,89.86402966625462,809,978,223.90532544378698,46.7663782447466,5.2922
20200810,87.32572877059569,789,977,224.27513227513228,54.92268694550064,6.637833333333333
20210227,25.031446540880502,795,975,396.38461538461536,90.73962264150943,3.497
20200825,89.68058968058969,814,970,249.84615384615384,47.88083538083538,11.836476744186045
20200915,91.24839124839124,777,970,176.10362694300517,43.74903474903475,5.35340506329114
20210101,22.375,800,968,345.08284023668637,72.8975,5.4386
20210622,25.686977299880525,837,966,327.9612403100775,50.54002389486261,5.10275
20201022,90.76354679802957,812,964,194.90131578947367,36.48399014778325,4.920104166666667
20200916,90.64398541919806,823,957,312.8880597014925,50.9453219927096,5.578278846153846
20210402,26.210153482880756,847,955,421.6605504587156,54.26564344746163,6.682875
20210629,25.030826140567203,811,952,287.6737588652482,50.034525277435264,4.091
20210609,24.321133412042503,847,951,524.933962264151,65.6965761511216,8.354583333333334
20200924,88.63346104725414,783,950,210.51785714285714,47.09067688378033,5.757990476190477
20200824,90.45287637698898,817,947,310.5846153846154,49.421052631578945,9.2479
20200806,90.72681704260651,798,946,214.66216216216216,39.81578947368421,7.599235294117647
20201121,86.95652173913044,713,946,198.11587982832617,64.75035063113604,4.179055118110236
20210206,24.846248462484624,813,943,358.2313432835821,59.083640836408364,5.0732
20210517,23.647798742138367,795,939,388.4932432432432,72.31698113207547,8.047666666666666
20201122,88.57509627727856,779,938,270.37106918238993,55.18100128369705,7.377821428571428
20210213,26.68428005284016,757,937,287.1988950276243,68.67899603698811,3.1951428571428573
20210502,24.351050679851667,809,934,382.816,59.13967861557478,4.3757142857142854
20201023,88.875,800,932,239.93939393939394,39.61375,4.037643835616438
20200827,90.5972045743329,787,930,261.44055944055947,47.50317662007624,9.352098901098902
20210403,25.27743526510481,811,930,455.6115702479339,67.97287299630086,9.176857142857143
20200817,90.51724137931035,812,929,278.5546218487395,40.82512315270936,8.906595238095239
20210423,24.96714848883049,761,929,317.6588235294118,71.6149802890933,5.326947368421052
20210221,23.302263648468706,751,927,373.0168539325843,88.47270306258322,8.1318125
20201021,91.25151883353585,823,925,301.6764705882353,37.399756986634266,6.3757631578947365
20210617,25.888324873096447,788,921,358.1470588235294,61.80203045685279,3.62575
20200903,91.05793450881612,794,920,287.46031746031747,45.623425692695214,6.692131868131868
20210604,24.75124378109453,804,920,424.35042735042737,61.75,29.3
20200811,90.73359073359073,777,916,222.49640287769785,39.8043758043758,6.990010869565217
20200805,87.73333333333333,750,914,238.3048780487805,52.12133333333333,7.136076086956522
20200921,89.280868385346,737,913,270.7556818181818,65.66757123473542,4.36130303030303
20200917,89.96088657105607,767,911,189.8125,35.636245110821385,6.728060240963855
20201019,86.72,625,907,154.5123674911661,69.9696,4.86595
20201016,85.8678955453149,651,906,153.265625,60.27188940092166,6.429310810810811
20210516,28.12071330589849,729,905,268.819209039548,65.25240054869684,6.4328
20201231,22.5,720,904,270.60215053763443,69.90555555555555,6.296188888888889
20210707,23.660130718954246,765,904,388.36170212765956,71.68366013071895,6.6452857142857145
20210528,23.596938775510203,784,895,453.5304347826087,68.28571428571429,3.9375714285714283
20210404,22.987012987012985,770,893,339.704,55.13896103896104,8.924833333333334
20200831,90.61696658097686,778,890,181.05357142857142,26.05912596401028,8.667973684210526
20200813,90.43927648578811,774,889,306.8086956521739,45.58010335917313,11.618377777777777
20200901,88.37876614060258,697,888,175.0,47.951219512195124,9.07408695652174
20200807,92.74092615769712,799,887,244.70454545454547,26.95118898623279,11.308838709677419
20201020,90.29649595687331,742,883,181.3758865248227,34.46630727762803,4.858326315789474
20201002,89.05817174515236,722,882,243.51875,55.32825484764543,6.721930555555556
20200918,90.26798307475318,709,880,207.23391812865498,49.987306064880116,7.344
20201015,85.20625889046943,703,880,224.64606741573033,56.92176386913229,5.771049382716049
20210501,26.104417670682732,747,880,347.91911764705884,63.38821954484605,4.599928571428571
20200812,90.0,760,877,237.88888888888889,36.61973684210526,8.58864423076923
20210320,28.169014084507044,639,872,258.8127659574468,95.17840375586854,8.8772
20200821,89.16776750330251,757,870,365.91150442477874,54.62087186261559,11.511215189873417
20200906,85.81687612208259,557,853,119.13175675675676,63.31597845601436,4.85331746031746
20210708,24.933333333333334,750,853,421.9428571428571,59.693333333333335,4.093333333333334
20210524,30.090791180285343,771,850,441.725,45.82879377431907,9.2605
20210529,23.71705963938974,721,846,369.26190476190476,64.52149791955617,5.348181818181818
20210710,67.38305941845765,791,846,421.19642857142856,29.82174462705436,3.5132857142857143
20210606,26.482758620689655,725,845,385.3057851239669,64.30620689655173,5.034333333333333
20200804,90.24725274725274,728,843,171.0782608695652,27.02335164835165,9.361033333333333
20200925,88.25136612021858,732,837,243.5943396226415,37.38251366120219,5.179333333333333
20210522,24.857954545454543,704,836,348.3805970149254,67.58806818181819,11.3555
20210705,24.828532235939644,729,836,493.56481481481484,73.12482853223594,5.2895
20210328,26.177285318559555,722,834,435.12389380530976,68.13434903047091,7.70675
20210611,26.222826086956523,736,833,418.24242424242425,56.25815217391305,9.5884
20200905,85.8195211786372,543,827,146.58802816901408,76.64272559852671,5.194735849056604
20210709,23.021582733812952,695,827,349.56296296296296,68.0043165467626,6.745666666666667
20210515,29.656160458452725,698,826,259.5923076923077,48.34957020057307,4.07875
20200923,86.25592417061611,633,818,219.14594594594595,65.51658767772511,11.906614583333335
20201014,85.08771929824562,684,818,206.09701492537314,40.37719298245614,4.822650602409639
20200828,89.92700729927007,685,817,242.71969696969697,46.767883211678836,12.138135802469137
20210509,25.14450867052023,692,817,424.44444444444446,77.28034682080924,10.487666666666666
20210628,21.768707482993197,735,817,495.09638554216866,55.90204081632653,4.7438
20201115,85.3395061728395,648,816,237.55357142857142,61.58024691358025,4.905894736842105
20210530,28.42998585572843,707,816,461.54464285714283,73.21782178217822,3.722857142857143
20201030,90.43348281016442,669,814,190.75342465753425,41.64723467862481,4.763425
20210514,23.956723338485318,647,814,296.94642857142856,77.10046367851623,4.807428571428572
20210701,22.349570200573066,698,805,425.05405405405406,67.59312320916905,6.172
20210728,25.79250720461095,694,803,444.68468468468467,71.26657060518733,7.449
20201013,84.779299847793,657,801,232.26896551724138,51.267884322678846,7.155111111111111
20210512,27.69010043041607,697,801,415.58653846153845,62.001434720229554,5.5766
20201028,89.10162002945509,679,800,242.95081967213116,43.94698085419735,5.520747126436781
20210523,28.42712842712843,693,800,362.1111111111111,56.43290043290043,4.888714285714285
20210508,27.54237288135593,708,799,368.29347826086956,47.862994350282484,6.562833333333333
20210630,22.109826589595375,692,787,434.5,60.27601156069364,6.649100000000001
20210313,26.87074829931973,588,782,259.2061855670103,85.5204081632653,4.792285714285715
20210712,23.871906841339154,687,779,408.8804347826087,54.751091703056765,6.739571428571429
20210327,30.24390243902439,615,774,260.675,67.80650406504066,5.64175
20210625,23.830409356725145,684,771,389.11494252873564,49.49561403508772,6.4148571428571435
20210726,25.996810207336523,627,765,306.15942028985506,67.377990430622,7.63075
20201010,81.63992869875223,561,763,258.55445544554453,93.6951871657754,7.131577464788732
20210702,24.393939393939394,660,757,392.680412371134,57.70454545454545,6.98175
20210727,21.777777777777775,675,756,405.08641975308643,48.60888888888889,6.045
20201025,84.33962264150944,530,749,103.88584474885845,43.06037735849057,3.584826666666667
20201114,87.82467532467533,616,736,255.50833333333333,49.7775974025974,5.3110333333333335
20210713,19.193548387096772,620,728,387.64814814814815,67.52903225806452,6.472
20200913,89.88095238095238,504,726,129.7117117117117,57.12698412698413,5.357655737704919
20210714,23.037542662116042,586,721,286.5111111111111,66.43515358361775,5.9725
20201107,88.73720136518772,586,719,182.70676691729324,42.4419795221843,4.81884375
20210306,25.2442996742671,614,713,451.06,73.4641693811075,3.4403333333333337
20201011,80.16032064128257,499,699,229.84,92.24048096192385,5.953482758620689
20210613,28.596187175043326,577,693,377.21367521367523,76.49046793760832,4.966625
20210519,28.166666666666668,600,685,450.1744186046512,65.10166666666667,10.3552
20210620,27.288135593220336,590,684,367.47872340425533,58.545762711864406,13.2456
20210513,25.178571428571427,560,683,354.008064516129,78.38571428571429,7.510125
20201029,87.1559633027523,545,677,213.58333333333334,51.7394495412844,5.503079365079365
20201108,88.18342151675485,567,673,338.25471698113205,63.7689594356261,4.320696428571429
20200919,88.39662447257383,474,652,126.09550561797752,48.16877637130802,4.90446875
20210730,25.276752767527675,542,650,356.3119266055046,71.66051660516605,5.9207777777777775
20210612,27.746741154562383,537,648,341.72972972972974,70.63314711359403,4.752333333333333
20201017,85.91224018475751,433,644,207.3127962085308,101.02078521939954,5.415666666666667
20210605,30.036630036630036,546,634,478.1011235955056,77.93589743589743,7.825888888888889
20201004,89.43396226415095,530,633,200.0097087378641,40.094339622641506,4.2918
20201101,87.54940711462451,506,628,136.08196721311475,32.80434782608695,5.728523809523809
20200926,87.10317460317461,504,620,234.31034482758622,54.62301587301587,5.760363636363636
20210619,26.095617529880478,502,618,263.8119658119658,61.4800796812749,7.980166666666667
20200815,88.25831702544032,511,617,281.5188679245283,58.39334637964775,17.888269841269842
20201024,91.12903225806451,496,615,198.6218487394958,47.66532258064516,5.4217704918032785
20201003,88.30409356725146,513,611,292.92857142857144,56.03898635477583,5.71074025974026
20200823,90.01996007984032,501,608,220.01869158878506,46.98802395209581,11.675550724637683
20200927,88.77551020408163,490,603,173.30088495575222,40.45510204081633,6.41984
20200912,89.1156462585034,441,586,206.46896551724137,67.87981859410431,5.287621621621621
20200920,89.02691511387164,483,586,265.5533980582524,56.697722567287784,6.553372881355932
20201018,85.23809523809524,420,570,188.6291390728477,67.83571428571429,5.743309523809524
20210627,22.342733188720175,461,568,409.5321100917431,96.82429501084599,6.531142857142857
20201031,87.13692946058092,482,567,258.88235294117646,45.65145228215768,5.381653846153846
20200830,88.52813852813853,462,562,237.92,51.50865800865801,16.25791489361702
20200816,88.56502242152466,446,548,198.5631067961165,45.860986547085204,10.598384615384616
20200822,88.94117647058823,425,535,180.96363636363637,46.84470588235294,9.155183333333332
20200809,89.84198645598194,443,525,340.280487804878,62.97742663656885,6.259176470588235
20200808,90.02267573696146,441,524,221.42168674698794,41.67120181405895,9.527976744186045
20200829,86.77494199535964,431,519,345.9431818181818,70.63109048723898,7.455573770491803
20200803,86.36363636363636,396,503,203.83333333333334,55.5959595959596,10.722166666666666
20210716,31.639722863741337,433,496,467.4375,69.094688221709,6.733333333333333
20210626,26.203208556149733,374,458,367.1666666666667,82.4572192513369,8.48542857142857
20210704,27.415143603133156,383,446,401.0,65.9738903394256,6.617333333333333
20200802,89.01408450704226,355,428,169.8904109589041,34.95211267605634,12.89420588235294
20210715,24.863387978142075,366,428,343.6507936507937,59.150273224043715,22.759714285714285
20210711,24.633431085043988,341,409,447.62857142857143,91.86510263929618,4.0535
20210703,27.953890489913547,347,388,570.8809523809524,69.10662824207493,8.366
20200801,91.66666666666666,312,376,193.0625,39.6025641025641,11.670848484848484
20210719,25.36764705882353,272,361,209.76666666666668,69.3970588235294,6.9345
20210723,24.548736462093864,277,361,250.01190476190476,75.81227436823104,5.294
20210725,27.77777777777778,288,354,343.530303030303,78.72916666666667,4.613
20210718,23.050847457627118,295,336,390.26190476190476,55.55593220338983,9.2245
20210724,30.3886925795053,283,330,372.8723404255319,61.92226148409894,10.147
20210717,22.463768115942027,276,303,655.1428571428571,66.45652173913044,10.59275
20210722,19.069767441860467,215,283,246.31428571428572,80.1906976744186,2.931
20210721,26.373626373626376,182,242,256.0833333333333,84.41758241758242,3.885
20210720,27.56756756756757,185,230,329.6222222222222,80.17297297297297,0.0
