1.01.2018;13053
2.01.2018;17263
3.01.2018;14330
4.01.2018;12155
5.01.2018;15418
6.01.2018;11682
7.01.2018;14472
8.01.2018;18492
9.01.2018;12344
10.01.2018;21141
11.01.2018;13952
12.01.2018;14614
13.01.2018;15465
14.01.2018;12959
15.01.2018;16506
16.01.2018;16553
17.01.2018;18067
18.01.2018;17594
19.01.2018;12628
20.01.2018;13195
21.01.2018;17499
22.01.2018;16979
23.01.2018;15938
24.01.2018;15371
25.01.2018;16411
26.01.2018;15796
27.01.2018;12675
28.01.2018;14283
29.01.2018;19769
30.01.2018;14756
31.01.2018;20384
1.02.2018;16790
2.02.2018;17121
3.02.2018;16364
4.02.2018;16222
5.02.2018;16080
6.02.2018;16269
7.02.2018;19958
8.02.2018;18114
9.02.2018;18823
10.02.2018;19249
11.02.2018;12580
12.02.2018;17263
13.02.2018;18303
14.02.2018;17546
15.02.2018;17546
16.02.2018;19580
17.02.2018;14425
18.02.2018;13384
19.02.2018;22229
20.02.2018;20621
21.02.2018;20337
22.02.2018;17073
23.02.2018;16269
24.02.2018;15844
25.02.2018;13952
26.02.2018;19627
27.02.2018;18209
28.02.2018;13952
1.03.2018;11303
2.03.2018;6385
3.03.2018;6716
4.03.2018;4209
5.03.2018;4635
6.03.2018;6574
7.03.2018;7189
8.03.2018;5392
9.03.2018;4682
10.03.2018;2932
11.03.2018;4588
12.03.2018;5344
13.03.2018;7520
14.03.2018;4257
15.03.2018;4777
16.03.2018;4682
17.03.2018;4588
18.03.2018;5865
19.03.2018;8182
20.03.2018;4398
21.03.2018;6243
22.03.2018;7567
23.03.2018;3642
24.03.2018;6148
25.03.2018;5581
26.03.2018;8702
27.03.2018;4871
28.03.2018;5250
29.03.2018;3642
30.03.2018;4257
31.03.2018;4635
1.04.2018;2317
2.04.2018;3311
3.04.2018;5297
4.04.2018;3973
5.04.2018;3831
6.04.2018;2270
7.04.2018;3831
8.04.2018;993
9.04.2018;1182
10.04.2018;3074
11.04.2018;2223
12.04.2018;3311
13.04.2018;1986
14.04.2018;2223
15.04.2018;3831
16.04.2018;4209
17.04.2018;5061
18.04.2018;6148
19.04.2018;3358
20.04.2018;3405
21.04.2018;3736
22.04.2018;3263
23.04.2018;4020
24.04.2018;4493
25.04.2018;8182
26.04.2018;4682
27.04.2018;5108
28.04.2018;3831
29.04.2018;4115
30.04.2018;3263
1.05.2018;3784
2.05.2018;4115
3.05.2018;2980
4.05.2018;4304
5.05.2018;3405
6.05.2018;3216
7.05.2018;3831
8.05.2018;3216
9.05.2018;4351
10.05.2018;4067
11.05.2018;5061
12.05.2018;2081
13.05.2018;2980
14.05.2018;6006
15.05.2018;4540
16.05.2018;4729
17.05.2018;4777
18.05.2018;4115
19.05.2018;3169
20.05.2018;6148
21.05.2018;6574
22.05.2018;5912
23.05.2018;5865
24.05.2018;5392
25.05.2018;6148
26.05.2018;5250
27.05.2018;4115
28.05.2018;5486
29.05.2018;6101
30.05.2018;7236
31.05.2018;5865
1.06.2018;3831
2.06.2018;5108
3.06.2018;3500
4.06.2018;5297
5.06.2018;5297
6.06.2018;3925
7.06.2018;4919
8.06.2018;3878
9.06.2018;4162
10.06.2018;2270
11.06.2018;3973
12.06.2018;4020
13.06.2018;3169
14.06.2018;3500
15.06.2018;2176
16.06.2018;3121
17.06.2018;3831
18.06.2018;4446
19.06.2018;6810
20.06.2018;4351
21.06.2018;4824
22.06.2018;3547
23.06.2018;3216
24.06.2018;3405
25.06.2018;2932
26.06.2018;6101
27.06.2018;7283
28.06.2018;2838
29.06.2018;3594
30.06.2018;4115
1.07.2018;4020
2.07.2018;5155
3.07.2018;4588
4.07.2018;4777
5.07.2018;4777
6.07.2018;5439
7.07.2018;5486
8.07.2018;3358
9.07.2018;3973
10.07.2018;4919
11.07.2018;3736
12.07.2018;6385
13.07.2018;4635
14.07.2018;3121
15.07.2018;4493
16.07.2018;6101
17.07.2018;4115
18.07.2018;4777
19.07.2018;4304
20.07.2018;4635
21.07.2018;4824
22.07.2018;4871
23.07.2018;7946
24.07.2018;5817
25.07.2018;6338
26.07.2018;7946
27.07.2018;5628
28.07.2018;4729
29.07.2018;4635
30.07.2018;7142
31.07.2018;8229
1.08.2018;6716
2.08.2018;6574
3.08.2018;5297
4.08.2018;7236
5.08.2018;5723
6.08.2018;8466
7.08.2018;6858
8.08.2018;6763
9.08.2018;6716
10.08.2018;7047
11.08.2018;5723
12.08.2018;6527
13.08.2018;8750
14.08.2018;6243
15.08.2018;7378
16.08.2018;4635
17.08.2018;7236
18.08.2018;6054
19.08.2018;5344
20.08.2018;6243
21.08.2018;4871
22.08.2018;4351
23.08.2018;4257
24.08.2018;6054
25.08.2018;7709
26.08.2018;10074
27.08.2018;11256
28.08.2018;10689
29.08.2018;8371
30.08.2018;9364
31.08.2018;8939
1.09.2018;7331
2.09.2018;8277
3.09.2018;8277
4.09.2018;8608
5.09.2018;12817
6.09.2018;8702
7.09.2018;7709
8.09.2018;7425
9.09.2018;6858
10.09.2018;8182
11.09.2018;7094
12.09.2018;9506
13.09.2018;10026
14.09.2018;7851
15.09.2018;6716
16.09.2018;9033
17.09.2018;9790
18.09.2018;8135
19.09.2018;11114
20.09.2018;8797
21.09.2018;6858
22.09.2018;7000
23.09.2018;8560
24.09.2018;9270
25.09.2018;10026
26.09.2018;10168
27.09.2018;8229
28.09.2018;6101
29.09.2018;7000
30.09.2018;7142
1.10.2018;8986
2.10.2018;8040
3.10.2018;9222
4.10.2018;8182
5.10.2018;7189
6.10.2018;6101
7.10.2018;8277
8.10.2018;8939
9.10.2018;7709
10.10.2018;7425
11.10.2018;9979
12.10.2018;7898
13.10.2018;9885
14.10.2018;8229
15.10.2018;8891
16.10.2018;9979
17.10.2018;8229
18.10.2018;9743
19.10.2018;10358
20.10.2018;6479
21.10.2018;7946
22.10.2018;8655
23.10.2018;9885
24.10.2018;9885
25.10.2018;8655
26.10.2018;6858
27.10.2018;5959
28.10.2018;6101
29.10.2018;7473
30.10.2018;8418
31.10.2018;9506
1.11.2018;6338
2.11.2018;9695
3.11.2018;7189
4.11.2018;9459
5.11.2018;9459
6.11.2018;15844
7.11.2018;10452
8.11.2018;9648
9.11.2018;8750
10.11.2018;9317
11.11.2018;9317
12.11.2018;11445
13.11.2018;10358
14.11.2018;11351
15.11.2018;8655
16.11.2018;9695
17.11.2018;8560
18.11.2018;7520
19.11.2018;13101
20.11.2018;10216
21.11.2018;13006
22.11.2018;11209
23.11.2018;8608
24.11.2018;10547
25.11.2018;9554
26.11.2018;14141
27.11.2018;10499
28.11.2018;10499
29.11.2018;9743
30.11.2018;10074
1.12.2018;6385
2.12.2018;12864
3.12.2018;16600
4.12.2018;9601
5.12.2018;11871
6.12.2018;9270
7.12.2018;11020
8.12.2018;6574
9.12.2018;8844
10.12.2018;12911
11.12.2018;10689
12.12.2018;10878
13.12.2018;12439
14.12.2018;8418
15.12.2018;7567
16.12.2018;8891
17.12.2018;10878
18.12.2018;11351
19.12.2018;11256
20.12.2018;10358
21.12.2018;9695
22.12.2018;9033
23.12.2018;7662
24.12.2018;10216
25.12.2018;9932
26.12.2018;9932
27.12.2018;11209
28.12.2018;9695
29.12.2018;9222
30.12.2018;9412
31.12.2018;6858
1.01.2019;10547
2.01.2019;9648
3.01.2019;12202
4.01.2019;11209
5.01.2019;9885
6.01.2019;11209
7.01.2019;12580
8.01.2019;10405
9.01.2019;10831
10.01.2019;9885
11.01.2019;10358
12.01.2019;10831
13.01.2019;12628
14.01.2019;11824
15.01.2019;13290
16.01.2019;11966
17.01.2019;11776
18.01.2019;10641
19.01.2019;8182
20.01.2019;10263
21.01.2019;12344
22.01.2019;13006
23.01.2019;12770
24.01.2019;11966
25.01.2019;10972
26.01.2019;11398
27.01.2019;13148
28.01.2019;13621
29.01.2019;13290
30.01.2019;11162
31.01.2019;14236
1.02.2019;11351
2.02.2019;10925
3.02.2019;12155
4.02.2019;14425
5.02.2019;14472
6.02.2019;12391
7.02.2019;12486
8.02.2019;14094
9.02.2019;12533
10.02.2019;11635
11.02.2019;15702
12.02.2019;11871
13.02.2019;11162
14.02.2019;9837
15.02.2019;11776
16.02.2019;13243
17.02.2019;12817
18.02.2019;14425
19.02.2019;11776
20.02.2019;14378
21.02.2019;12249
22.02.2019;13148
23.02.2019;10074
24.02.2019;12486
25.02.2019;13479
26.02.2019;13243
27.02.2019;12817
28.02.2019;11824
1.03.2019;11635
2.03.2019;12675
3.03.2019;11493
4.03.2019;15844
5.03.2019;14141
6.03.2019;11776
7.03.2019;13101
8.03.2019;13668
9.03.2019;15986
10.03.2019;15087
11.03.2019;16932
12.03.2019;15938
13.03.2019;20762
14.03.2019;19296
15.03.2019;18350
16.03.2019;19296
17.03.2019;19107
18.03.2019;21519
19.03.2019;18445
20.03.2019;17168
21.03.2019;22370
22.03.2019;21330
23.03.2019;20242
24.03.2019;20573
25.03.2019;27999
26.03.2019;28188
27.03.2019;23742
28.03.2019;26107
29.03.2019;25161
30.03.2019;23080
31.03.2019;19533
1.04.2019;24641
2.04.2019;23033
3.04.2019;26958
4.04.2019;24782
5.04.2019;23127
6.04.2019;22938
7.04.2019;22323
8.04.2019;24546
9.04.2019;28661
10.04.2019;27904
11.04.2019;26580
12.04.2019;26722
13.04.2019;24404
14.04.2019;25823
15.04.2019;28613
16.04.2019;29039
17.04.2019;29086
18.04.2019;26722
19.04.2019;25066
20.04.2019;25019
21.04.2019;23174
22.04.2019;28330
23.04.2019;24546
24.04.2019;27904
25.04.2019;28282
26.04.2019;26816
27.04.2019;24972
28.04.2019;24026
29.04.2019;29323
30.04.2019;27951
1.05.2019;27053
2.05.2019;27005
3.05.2019;28282
4.05.2019;25303
5.05.2019;22181
6.05.2019;25397
7.05.2019;27762
8.05.2019;26911
9.05.2019;29465
10.05.2019;25870
11.05.2019;25397
12.05.2019;21141
13.05.2019;28897
14.05.2019;31688
15.05.2019;31782
16.05.2019;28188
17.05.2019;28708
18.05.2019;26485
19.05.2019;23837
20.05.2019;30032
21.05.2019;30600
22.05.2019;32539
23.05.2019;33343
24.05.2019;29086
25.05.2019;29323
26.05.2019;26438
27.05.2019;29796
28.05.2019;26532
29.05.2019;27667
30.05.2019;28377
31.05.2019;29465
1.06.2019;23742
2.06.2019;22134
3.06.2019;21330
4.06.2019;10263
5.06.2019;12580
6.06.2019;13715
7.06.2019;15418
8.06.2019;13999
9.06.2019;15702
10.06.2019;20242
11.06.2019;19675
12.06.2019;18256
13.06.2019;15938
14.06.2019;12911
15.06.2019;12580
16.06.2019;13384
17.06.2019;21945
18.06.2019;13526
19.06.2019;16080
20.06.2019;14567
21.06.2019;14661
22.06.2019;14188
23.06.2019;12202
24.06.2019;16600
25.06.2019;14614
26.06.2019;16742
27.06.2019;12817
28.06.2019;16884
29.06.2019;13857
30.06.2019;12580
1.07.2019;16033
2.07.2019;14709
3.07.2019;15229
4.07.2019;15465
5.07.2019;14188
6.07.2019;13574
7.07.2019;13384
8.07.2019;15324
9.07.2019;14851
10.07.2019;15702
11.07.2019;16364
12.07.2019;17546
13.07.2019;18398
14.07.2019;18634
15.07.2019;17877
16.07.2019;21756
17.07.2019;20053
18.07.2019;21330
19.07.2019;20148
20.07.2019;19485
21.07.2019;19154
22.07.2019;23978
23.07.2019;23033
24.07.2019;23553
25.07.2019;25208
26.07.2019;22418
27.07.2019;18587
28.07.2019;18776
29.07.2019;22039
30.07.2019;23127
31.07.2019;22276
1.08.2019;25255
2.08.2019;22181
3.08.2019;21188
4.08.2019;19344
5.08.2019;20384
6.08.2019;21093
7.08.2019;21803
8.08.2019;21756
9.08.2019;20006
10.08.2019;18918
11.08.2019;12864
12.08.2019;17925
13.08.2019;16884
14.08.2019;20148
15.08.2019;26958
16.08.2019;23033
17.08.2019;23222
18.08.2019;23695
19.08.2019;24310
20.08.2019;24593
21.08.2019;22654
22.08.2019;20621
23.08.2019;20100
24.08.2019;17546
25.08.2019;19202
26.08.2019;20006
27.08.2019;24262
28.08.2019;20195
29.08.2019;22654
30.08.2019;17925
31.08.2019;17121
1.09.2019;15324
2.09.2019;18540
3.09.2019;18303
4.09.2019;18871
5.09.2019;17215
6.09.2019;15655
7.09.2019;15938
8.09.2019;14236
9.09.2019;17972
10.09.2019;18161
11.09.2019;16459
12.09.2019;21235
13.09.2019;16932
14.09.2019;13810
15.09.2019;14330
16.09.2019;19675
17.09.2019;20668
18.09.2019;18445
19.09.2019;17073
20.09.2019;14898
21.09.2019;13574
22.09.2019;13857
23.09.2019;14756
24.09.2019;15844
25.09.2019;25965
26.09.2019;25208
27.09.2019;23647
28.09.2019;22654
29.09.2019;25350
30.09.2019;30742
1.10.2019;29323
2.10.2019;21472
3.10.2019;20431
4.10.2019;27005
5.10.2019;28992
6.10.2019;28897
7.10.2019;33012
8.10.2019;33674
9.10.2019;29890
10.10.2019;28944
11.10.2019;29512
12.10.2019;26249
13.10.2019;26059
14.10.2019;34525
15.10.2019;34336
16.10.2019;30127
17.10.2019;30032
18.10.2019;29465
19.10.2019;27478
20.10.2019;28708
21.10.2019;34809
22.10.2019;30411
23.10.2019;30127
24.10.2019;25539
25.10.2019;26249
26.10.2019;21708
27.10.2019;26201
28.10.2019;25019
29.10.2019;23837
30.10.2019;27999
31.10.2019;25728
1.11.2019;25634
2.11.2019;27809
3.11.2019;21708
4.11.2019;28093
5.11.2019;29890
6.11.2019;25350
7.11.2019;26391
8.11.2019;26863
9.11.2019;20668
10.11.2019;24877
11.11.2019;26249
12.11.2019;31309
13.11.2019;27100
14.11.2019;30931
15.11.2019;29843
16.11.2019;23033
17.11.2019;26627
18.11.2019;29654
19.11.2019;26863
20.11.2019;26154
21.11.2019;28944
22.11.2019;23316
23.11.2019;24451
24.11.2019;23789
25.11.2019;29323
26.11.2019;28850
27.11.2019;27620
28.11.2019;25492
29.11.2019;25728
30.11.2019;22702
1.12.2019;23742
2.12.2019;29370
3.12.2019;29323
4.12.2019;28046
5.12.2019;25445
6.12.2019;24735
7.12.2019;24972
8.12.2019;26201
9.12.2019;25870
10.12.2019;27053
11.12.2019;34809
12.12.2019;34194
13.12.2019;24451
14.12.2019;26249
15.12.2019;24262
16.12.2019;27857
17.12.2019;24877
18.12.2019;25161
19.12.2019;24499
20.12.2019;24877
21.12.2019;22039
22.12.2019;28708
23.12.2019;27005
24.12.2019;29938
25.12.2019;30978
26.12.2019;26674
27.12.2019;27100
28.12.2019;22654
29.12.2019;26249
30.12.2019;31356
31.12.2019;24688
1.01.2020;26769
2.01.2020;25161
3.01.2020;31451
4.01.2020;26769
5.01.2020;29134
6.01.2020;34336
7.01.2020;31309
8.01.2020;29228
9.01.2020;31877
10.01.2020;29985
11.01.2020;24782
12.01.2020;27667
13.01.2020;27053
14.01.2020;24735
15.01.2020;25776
16.01.2020;28897
17.01.2020;20289
18.01.2020;20384
19.01.2020;19817
20.01.2020;22512
21.01.2020;23553
22.01.2020;22323
23.01.2020;20431
24.01.2020;20857
25.01.2020;19675
26.01.2020;19296
27.01.2020;22843
28.01.2020;22938
29.01.2020;23506
30.01.2020;25255
31.01.2020;22702
1.02.2020;19202
2.02.2020;19438
3.02.2020;27620
4.02.2020;23647
5.02.2020;26201
6.02.2020;26343
7.02.2020;22323
8.02.2020;21046
9.02.2020;23269
10.02.2020;30032
11.02.2020;26485
12.02.2020;23506
13.02.2020;23742
14.02.2020;21093
15.02.2020;19580
16.02.2020;23553
17.02.2020;26107
18.02.2020;23127
19.02.2020;26532
20.02.2020;25492
21.02.2020;23316
22.02.2020;21756
23.02.2020;20952
24.02.2020;24735
25.02.2020;24215
26.02.2020;26722
27.02.2020;20810
28.02.2020;25397
29.02.2020;23269
1.03.2020;25681
2.03.2020;25870
3.03.2020;24262
4.03.2020;24972
5.03.2020;32633
6.03.2020;26391
7.03.2020;20621
8.03.2020;21425
9.03.2020;30316
10.03.2020;26722
11.03.2020;20904
12.03.2020;24357
13.03.2020;23978
14.03.2020;21897
15.03.2020;18303
16.03.2020;17546
17.03.2020;16932
18.03.2020;21283
19.03.2020;18019
20.03.2020;18540
21.03.2020;17215
22.03.2020;18019
23.03.2020;21235
24.03.2020;19958
25.03.2020;19533
26.03.2020;23506
27.03.2020;22985
28.03.2020;21708
29.03.2020;20762
30.03.2020;25539
31.03.2020;27005
1.04.2020;20195
2.04.2020;22465
3.04.2020;28093
4.04.2020;26438
5.04.2020;23174
6.04.2020;25681
7.04.2020;27100
8.04.2020;25634
9.04.2020;25586
10.04.2020;26532
11.04.2020;21945
12.04.2020;26107
13.04.2020;22607
14.04.2020;26391
15.04.2020;23506
16.04.2020;25303
17.04.2020;23080
18.04.2020;25965
19.04.2020;23600
20.04.2020;28471
21.04.2020;22938
22.04.2020;23458
23.04.2020;22465
24.04.2020;29465
25.04.2020;31025
26.04.2020;30411
27.04.2020;29796
28.04.2020;30458
29.04.2020;28708
30.04.2020;29890
1.05.2020;34856
2.05.2020;30458
3.05.2020;30411
4.05.2020;26249
5.05.2020;50180
6.05.2020;49187
7.05.2020;53396
8.05.2020;46302
9.05.2020;48714
10.05.2020;43984
11.05.2020;48524
12.05.2020;50464
13.05.2020;47862
14.05.2020;48856
15.05.2020;47531
16.05.2020;48004
17.05.2020;54862
18.05.2020;54626
19.05.2020;49470
20.05.2020;47626
21.05.2020;48714
22.05.2020;45167
23.05.2020;42755
24.05.2020;39113
25.05.2020;56423
26.05.2020;62476
27.05.2020;60443
28.05.2020;59402
29.05.2020;53632
30.05.2020;56517
31.05.2020;52119
1.06.2020;53538
2.06.2020;50085
3.06.2020;53207
4.06.2020;51977
5.06.2020;44173
6.06.2020;44977
7.06.2020;42092
8.06.2020;50180
9.06.2020;47626
10.06.2020;46633
11.06.2020;46112
12.06.2020;51504
13.06.2020;44694
14.06.2020;46964
15.06.2020;51646
16.06.2020;47248
17.06.2020;48099
18.06.2020;48383
19.06.2020;45119
20.06.2020;45119
21.06.2020;39870
22.06.2020;41336
23.06.2020;46112
24.06.2020;43606
25.06.2020;40242
26.06.2020;39586
27.06.2020;37079
28.06.2020;35518
29.06.2020;39870
30.06.2020;32302
1.07.2020;31215
2.07.2020;38403
3.07.2020;35518
4.07.2020;34336
5.07.2020;31120
6.07.2020;41667
7.07.2020;34998
8.07.2020;43133
9.07.2020;46133
10.07.2020;47005
11.07.2020;44924
12.07.2020;41288
13.07.2020;41288
14.07.2020;45167
15.07.2020;42802
16.07.2020;44620
17.07.2020;39822
18.07.2020;38593
19.07.2020;37457
20.07.2020;41667
21.07.2020;46302
22.07.2020;47221
23.07.2020;48640
24.07.2020;48782
25.07.2020;45660
26.07.2020;48403
27.07.2020;48734
28.07.2020;41735
29.07.2020;47883
30.07.2020;45471
31.07.2020;44641
1.08.2020;40269
2.08.2020;46701
3.08.2020;40153
4.08.2020;49470
5.08.2020;47579
6.08.2020;44363
7.08.2020;43417
8.08.2020;40011
9.08.2020;41809
10.08.2020;46444
11.08.2020;49991
12.08.2020;44646
13.08.2020;46916
14.08.2020;47862
15.08.2020;47268
16.08.2020;49160
17.08.2020;46018
18.08.2020;49139
19.08.2020;47768
20.08.2020;46869
21.08.2020;46775
22.08.2020;38782
23.08.2020;44221
24.08.2020;47626
25.08.2020;52686
26.08.2020;47011
27.08.2020;48997
28.08.2020;45308
29.08.2020;40815
30.08.2020;41809
31.08.2020;50937
1.09.2020;53112
2.09.2020;42707
3.09.2020;45261
4.09.2020;41525
5.09.2020;43227
6.09.2020;39302
7.09.2020;44694
8.09.2020;45829
9.09.2020;46869
10.09.2020;45072
11.09.2020;44835
12.09.2020;40153
13.09.2020;43795
14.09.2020;49518
15.09.2020;48004
16.09.2020;47579
17.09.2020;47815
18.09.2020;43180
19.09.2020;44504
20.09.2020;40437
21.09.2020;43795
22.09.2020;41099
23.09.2020;43700
24.09.2020;40721
25.09.2020;42518
26.09.2020;40011
27.09.2020;38971
28.09.2020;48430
29.09.2020;47531
30.09.2020;48383
1.10.2020;47153
2.10.2020;39964
3.10.2020;37836
4.10.2020;43322
5.10.2020;42849
6.10.2020;38498
7.10.2020;42234
8.10.2020;45450
9.10.2020;40815
10.10.2020;37457
11.10.2020;39302
12.10.2020;49470
13.10.2020;45876
14.10.2020;44835
15.10.2020;43180
16.10.2020;43038
17.10.2020;38356
18.10.2020;43748
19.10.2020;40505
20.10.2020;39817
21.10.2020;38566
22.10.2020;42160
23.10.2020;44410
24.10.2020;41667
25.10.2020;41714
26.10.2020;40721
27.10.2020;43059
28.10.2020;40552
29.10.2020;37310
30.10.2020;36979
31.10.2020;36128
1.11.2020;35702
2.11.2020;38755
3.11.2020;40626
4.11.2020;41430
5.11.2020;47126
6.11.2020;48046
7.11.2020;43905
8.11.2020;40452
9.11.2020;37000
10.11.2020;35675
11.11.2020;37378
12.11.2020;35723
13.11.2020;38513
14.11.2020;47242
15.11.2020;42586
16.11.2020;40390
17.11.2020;44147
18.11.2020;41714
19.11.2020;37457
20.11.2020;38640
21.11.2020;38593
22.11.2020;40484
23.11.2020;40059
24.11.2020;41283
25.11.2020;32236
26.11.2020;37100
27.11.2020;42849
28.11.2020;41383
29.11.2020;47768
30.11.2020;48193
1.12.2020;48477
2.12.2020;49139
3.12.2020;49849
4.12.2020;48146
5.12.2020;50889
6.12.2020;55382
7.12.2020;52119
8.12.2020;52734
9.12.2020;53490
10.12.2020;53632
11.12.2020;48524
12.12.2020;51599
13.12.2020;65125
14.12.2020;56848
15.12.2020;50605
16.12.2020;55430
17.12.2020;50984
18.12.2020;50464
19.12.2020;51268
20.12.2020;56375
21.12.2020;54815
22.12.2020;54011
23.12.2020;53443
24.12.2020;46018
25.12.2020;50511
26.12.2020;52024
27.12.2020;58456
28.12.2020;55855
29.12.2020;50085
30.12.2020;44363
31.12.2020;38876
1.01.2021;50227
2.01.2021;55902
3.01.2021;60112
4.01.2021;56706
5.01.2021;50653
6.01.2021;52592
7.01.2021;50511
8.01.2021;48241
9.01.2021;47673
10.01.2021;51362
11.01.2021;52970
12.01.2021;52970
13.01.2021;51835
14.01.2021;44363
15.01.2021;43984
16.01.2021;47389
17.01.2021;53680
18.01.2021;48004
19.01.2021;46444
20.01.2021;47248
21.01.2021;44315
22.01.2021;43937
23.01.2021;45072
24.01.2021;54626
25.01.2021;45403
26.01.2021;48052
27.01.2021;44599
28.01.2021;48808
29.01.2021;44552
30.01.2021;43890
31.01.2021;48430
1.02.2021;59970
2.02.2021;45592
3.02.2021;49660
4.02.2021;51078
5.02.2021;46964
6.02.2021;46302
7.02.2021;54862
8.02.2021;52261
9.02.2021;52355
10.02.2021;47200
11.02.2021;46065
12.02.2021;45261
13.02.2021;53396
14.02.2021;60159
15.02.2021;52639
16.02.2021;53065
17.02.2021;49045
18.02.2021;51078
19.02.2021;49470
20.02.2021;51031
21.02.2021;58409
22.02.2021;54011
23.02.2021;56517
24.02.2021;50795
25.02.2021;56044
26.02.2021;47531
27.02.2021;60206
28.02.2021;58362
1.03.2021;56612
2.03.2021;53727
3.03.2021;54720
4.03.2021;52923
5.03.2021;52308
6.03.2021;56801
7.03.2021;60490
8.03.2021;55666
9.03.2021;54909
10.03.2021;52923
11.03.2021;53254
12.03.2021;51457
13.03.2021;46869
14.03.2021;54957
15.03.2021;56234
16.03.2021;52213
17.03.2021;53159
18.03.2021;54484
19.03.2021;49281
20.03.2021;48903
21.03.2021;49943
22.03.2021;56281
23.03.2021;58693
24.03.2021;53349
25.03.2021;52923
26.03.2021;51220
27.03.2021;44741
28.03.2021;46775
29.03.2021;51977
30.03.2021;56423
31.03.2021;56517
1.04.2021;49943
2.04.2021;50369
3.04.2021;53821
4.04.2021;56517
5.04.2021;57274
6.04.2021;52828
7.04.2021;46964
8.04.2021;49092
9.04.2021;44930
10.04.2021;47106
11.04.2021;53065
12.04.2021;48714
13.04.2021;41525
14.04.2021;47248
15.04.2021;51288
16.04.2021;54079
17.04.2021;54552
18.04.2021;50322
19.04.2021;55051
20.04.2021;52282
21.04.2021;51619
22.04.2021;55781
23.04.2021;54457
24.04.2021;56444
25.04.2021;54909
26.04.2021;46775
27.04.2021;50484
28.04.2021;48214
29.04.2021;49586
30.04.2021;52045
1.05.2021;48099
2.05.2021;47058
3.05.2021;53301
4.05.2021;47484
5.05.2021;49565
6.05.2021;45356
7.05.2021;45592
8.05.2021;43748
9.05.2021;41950
10.05.2021;48524
11.05.2021;43369
12.05.2021;43133
13.05.2021;34289
14.05.2021;44031
15.05.2021;46396
16.05.2021;53538
17.05.2021;49896
18.05.2021;47316
19.05.2021;46086
20.05.2021;46275
21.05.2021;46228
22.05.2021;49728
23.05.2021;54883
24.05.2021;49775
25.05.2021;46701
26.05.2021;48640
27.05.2021;49207
28.05.2021;49066
29.05.2021;55829
30.05.2021;53275
31.05.2021;53038
1.06.2021;48782
2.06.2021;51194
3.06.2021;47316
4.06.2021;52539
5.06.2021;54241
6.06.2021;57647
7.06.2021;54573
8.06.2021;55944
9.06.2021;54336
10.06.2021;56890
11.06.2021;57221
12.06.2021;52681
13.06.2021;52802
14.06.2021;51572
15.06.2021;50626
16.06.2021;47174
17.06.2021;45708
18.06.2021;48640
19.06.2021;50316
20.06.2021;56843
21.06.2021;53086
22.06.2021;56181
23.06.2021;56559
24.06.2021;50248
25.06.2021;51971
26.06.2021;54052
27.06.2021;58451
28.06.2021;56086
29.06.2021;54667
30.06.2021;53154
1.07.2021;55282
2.07.2021;51451
3.07.2021;49370
4.07.2021;50174
5.07.2021;51073
6.07.2021;54998
7.07.2021;56653
8.07.2021;54573
9.07.2021;50363
10.07.2021;47526
11.07.2021;46769
12.07.2021;50221
13.07.2021;49654
14.07.2021;51215
15.07.2021;48755
16.07.2021;45870
17.07.2021;43127
18.07.2021;45397
19.07.2021;43127
20.07.2021;47026
21.07.2021;50242
22.07.2021;51141
23.07.2021;55066
24.07.2021;58330
25.07.2021;57478
26.07.2021;60978
27.07.2021;58519
28.07.2021;59134
29.07.2021;60600
30.07.2021;57762
31.07.2021;56816
;33342099